CofA,Timestamp
part AM-280-1 CofA Lot# 0006489701.pdf,2019-09-17 16:33:23.357888
part CLP-310-1 CofA Lot# 0006490751.pdf,2019-09-17 16:34:34.343171
part CUS-00000729 CofA Lot# 0006490125.pdf,2019-09-17 16:34:08.170961
part CUS-11329 CofA Lot# 0006489615.pdf,2019-09-17 16:24:12.382085
part CUS-12298 CofA Lot# 0006489969.pdf,2019-09-17 16:33:54.905166
part CUS-14555 CofA Lot# 0006490716.pdf,2019-09-17 16:34:28.296219
part CUS-9451 CofA Lot# 0006491340.pdf,2019-09-17 16:34:37.468211
part DRG-1195-10MG CofA Lot# 0006484300.pdf,2019-09-17 06:53:04.960101
part EPA-1074-1 CofA Lot# 0006489895.pdf,2019-09-17 16:33:34.826784
part FLSA-005 CofA Lot# 0006490704.pdf,2019-09-17 06:53:41.398067
part FLSA-009 CofA Lot# 0006490705.pdf,2019-09-17 06:53:43.960600
part ICUS-1532 CofA Lot# 0006490420.pdf,2019-09-17 16:34:24.343043
part ICUS-4272 CofA Lot# 0006490110.pdf,2019-09-17 16:34:00.936493
part ICUS-4273 CofA Lot# 0006490109.pdf,2019-09-17 16:33:58.123957
part ICUS-7247 CofA Lot# 0006490112.pdf,2019-09-17 16:34:04.842793
part ISM-570-1 CofA Lot# 0006489908.pdf,2019-09-17 16:33:37.467443
part N-0000000024 CofA Lot# 0006490703.pdf,2019-09-17 06:53:38.788659
part NS-110-1 CofA Lot# 0006489913.pdf,2019-09-17 16:33:40.358105
part PHM-552M-1 CofA Lot# 0006490148.pdf,2019-09-17 16:34:11.139749
part PP-271-1 CofA Lot# 0006489707.pdf,2019-09-17 16:33:26.201674
part PP-530A-1 CofA Lot# 0006490154.pdf,2019-09-17 16:34:14.186663
part PPM-525C-1 CofA Lot# 0006490192.pdf,2019-09-17 16:34:17.952336
part PPM-525D-1 CofA Lot# 0006490193.pdf,2019-09-17 16:34:21.718009
part PST-1385-10MG CofA Lot# 0006490388.pdf,2019-09-17 06:53:07.600760
part PST-1600-10MG CofA Lot# 0006490389.pdf,2019-09-17 06:53:10.210168
part PST-1750 CofA Lot# 0006490390.pdf,2019-09-17 06:53:12.835202
part PST-1850-10MG CofA Lot# 0006490391.pdf,2019-09-17 06:53:15.428985
part PST-2565-10MG CofA Lot# 0006490392.pdf,2019-09-17 06:53:17.991518
part PST-2925-10MG CofA Lot# 0006490393.pdf,2019-09-17 06:53:20.569675
part PST-3115-100MG CofA Lot# 0006490394.pdf,2019-09-17 06:53:23.147834
part PST-3150-10MG CofA Lot# 0006490395.pdf,2019-09-17 06:53:25.772867
part PST-3220-10MG CofA Lot# 0006490396.pdf,2019-09-17 06:53:28.366650
part PST-3290-10MG CofA Lot# 0006490397.pdf,2019-09-17 06:53:30.960433
part RBA-012-100MG CofA Lot# 0006490398.pdf,2019-09-17 06:53:33.538591
part RGO-312-1 CofA Lot# 0006490735.pdf,2019-09-17 16:34:31.265007
part RNA-034 CofA Lot# 0006490399.pdf,2019-09-17 06:53:36.194875
part SP-140-1 CofA Lot# 0006489711.pdf,2019-09-17 16:33:29.045460
part SPM-874-1 CofA Lot# 0006489716.pdf,2019-09-17 16:33:31.795496
part US-320-1 CofA Lot# 0006489921.pdf,2019-09-17 16:33:50.670737
part UST-140-1 CofA Lot# 0006489919.pdf,2019-09-17 16:33:46.389432
part UST-310-1 CofA Lot# 0006489918.pdf,2019-09-17 16:33:43.076890
part WRK-151Q CofA Lot# 0006487863.pdf,2019-09-17 16:24:03.881976
part WRK-170K CofA Lot# 0006487865.pdf,2019-09-17 16:24:06.694512
part WRK-170P CofA Lot# 0006487867.pdf,2019-09-17 16:24:09.600800
