<application>
  <component name="JupyterPersistentConnectionParameters">
    <option name="moduleParameters">
      <map>
        <entry key="$USER_HOME$/OneDrive - Agilent Technologies/Documents/_staging/Data-Developer-Droolkit/.idea/Data-Developer-Droolkit.iml">
          <value>
            <JupyterConnectionParameters>
              <option name="token" value="f5762944bdb490ee395a3eb52d41223efeab797b568a2bc8" />
              <option name="urlString" value="http://127.0.0.1:8888/" />
            </JupyterConnectionParameters>
          </value>
        </entry>
      </map>
    </option>
  </component>
</application>